"ID","ONE_LETTER","THREE_LETTER","TERM","DESCRIPTION","TYPE","FORMULA","ATTRIBUTE_TYPE"
1,"A","ALA","alanine",,"Amino acid","CH3-CH(NH2)-COOH","residue"
2,"R","ARG","arginine",,"Amino acid","HN=C(NH2)-NH-(CH2)3-CH(NH2)-COOH","residue"
3,"N","ASN","asparagine",,"Amino acid","H2N-CO-CH2-CH(NH2)-COOH","residue"
4,"D","ASP","aspartic acid",,"Amino acid","HOOC-CH2-CH(NH2)-COOH","residue"
5,"C","CYS","cysteine",,"Amino acid","HS-CH2-CH(NH2)-COOH","residue"
6,"E","GLU","glutamic acid",,"Amino acid","HOOC-(CH2)2-CH(NH2)-COOH","residue"
7,"Q","GLN","glutamine",,"Amino acid","H2N-CO-(CH2)2-CH(NH2)-COOH","residue"
8,"G","GLY","glycine",,"Amino acid","NH2-CH2-COOH","residue"
9,"H","HIS","histidine",,"Amino acid","NH-CH=N-CH=C-CH2-CH(NH2)-COOH","residue"
10,"I","ILE","isoleucine",,"Amino acid","CH3-CH2-CH(CH3)-CH(NH2)-COOH","residue"
11,"L","LEU","leucine",,"Amino acid","(CH3)2-CH-CH2-CH(NH2)-COOH","residue"
12,"K","LYS","lysine",,"Amino acid","H2N-(CH2)4-CH(NH2)-COOH","residue"
13,"M","MET","methionine",,"Amino acid","CH3-S-(CH2)2-CH(NH2)-COOH","residue"
14,"F","PHE","phenylalanine",,"Amino acid","Ph-CH2-CH(NH2)-COOH","residue"
15,"P","PRO","proline",,"Amino acid","NH-(CH2)3-CH-COOH","residue"
16,"S","SER","serine",,"Amino acid","HO-CH2-CH(NH2)-COOH","residue"
17,"T","THR","threonine",,"Amino acid","CH3-CH(OH)-CH(NH2)-COOH","residue"
18,"W","TRP","tryptophan",,"Amino acid","Ph-NH-CH=C-CH2-CH(NH2)-COOH","residue"
19,"Y","TYR","tyrosine",,"Amino acid","HO-Ph-CH2-CH(NH2)-COOH","residue"
20,"V","VAL","valine",,"Amino acid","(CH3)2-CH-CH(NH2)-COOH","residue"
21,"A","A","adenine",,"Nucleotide","\N","residue"
22,"T","T","thymine",,"Nucleotide","\N","residue"
23,"C","C","cytosine",,"Nucleotide","\N","residue"
24,"G","G","guanine",,"Nucleotide","\N","residue"
25,"U","U","uracil",,"Nucleotide","\N","residue"
